<!-- <?xml version="1.0" encoding="utf-8"?>
<Database>
    <IconDefinitions>
        <Row>
            <ID>PANTHEON_BONUS_1BIS</ID>
            <Path>blp:pant_city</Path>
        </Row>
        <Row>
            <ID>PANTHEON_BONUS_2BIS</ID>
            <Path>blp:pant_earth</Path>
        </Row>
        <Row>
            <ID>PANTHEON_BONUS_3BIS</ID>
            <Path>blp:pant_fertility</Path>
        </Row>
        <Row>
            <ID>PANTHEON_BONUS_4BIS</ID>
            <Path>blp:pant_festivals</Path>
        </Row>
        <Row>
            <ID>PANTHEON_BONUS_5BIS</ID>
            <Path>blp:pant_healing</Path>
        </Row>
        <Row>
            <ID>PANTHEON_BONUS_6BIS</ID>
            <Path>blp:pant_harvest</Path>
        </Row>
        <Row>
            <ID>PANTHEON_BONUS_7BIS</ID>
            <Path>blp:pant_forest</Path>
        </Row>
        <Row>
            <ID>PANTHEON_BONUS_8BIS</ID>
            <Path>blp:pant_forge</Path>
        </Row>
        <Row>
            <ID>PANTHEON_BONUS_9BIS</ID>
            <Path>blp:pant_sea</Path>
        </Row>
        <Row>
            <ID>PANTHEON_BONUS_10BIS</ID>
            <Path>blp:pant_sun</Path>
        </Row>
        <Row>
            <ID>PANTHEON_BONUS_11BIS</ID>
            <Path>blp:pant_war</Path>
        </Row>
        <Row>
            <ID>PANTHEON_BONUS_12BIS</ID>
            <Path>blp:pant_wisdom</Path>
        </Row>
        <Row>
            <ID>PANTHEON_BONUS_13BIS</ID>
            <Path>blp:pant_monument</Path>
        </Row>
        <Row>
            <ID>PANTHEON_BONUS_14BIS</ID>
            <Path>blp:pant_oral</Path>
        </Row>
        <Row>
            <ID>PANTHEON_BONUS_15BIS</ID>
            <Path>blp:pant_waters</Path>
        </Row>
        <Row>
            <ID>PANTHEON_BONUS_16BIS</ID>
            <Path>blp:pant_stone</Path>
        </Row>
    </IconDefinitions>
</Database>
-->
