<?xml version="1.0" encoding="utf-8"?>
<Database>
    <Types>
        <!--Beliefs-->
        <Row Type="PANTHEON_BONUS_1BIS" Kind="KIND_BELIEF"/>
        <Row Type="PANTHEON_BONUS_2BIS" Kind="KIND_BELIEF"/>
        <Row Type="PANTHEON_BONUS_3BIS" Kind="KIND_BELIEF"/>
        <Row Type="PANTHEON_BONUS_4BIS" Kind="KIND_BELIEF"/>
        <Row Type="PANTHEON_BONUS_5BIS" Kind="KIND_BELIEF"/>
        <Row Type="PANTHEON_BONUS_6BIS" Kind="KIND_BELIEF"/>
        <Row Type="PANTHEON_BONUS_7BIS" Kind="KIND_BELIEF"/>
        <Row Type="PANTHEON_BONUS_8BIS" Kind="KIND_BELIEF"/>
        <Row Type="PANTHEON_BONUS_9BIS" Kind="KIND_BELIEF"/>
        <Row Type="PANTHEON_BONUS_10BIS" Kind="KIND_BELIEF"/>
        <Row Type="PANTHEON_BONUS_11BIS" Kind="KIND_BELIEF"/>
        <Row Type="PANTHEON_BONUS_12BIS" Kind="KIND_BELIEF"/>
        <Row Type="PANTHEON_BONUS_13BIS" Kind="KIND_BELIEF"/>
        <Row Type="PANTHEON_BONUS_14BIS" Kind="KIND_BELIEF"/>
        <Row Type="PANTHEON_BONUS_15BIS" Kind="KIND_BELIEF"/>
        <Row Type="PANTHEON_BONUS_16BIS" Kind="KIND_BELIEF"/>
    </Types>
    <Beliefs>
        <Row BeliefType="PANTHEON_BONUS_1BIS" Name="LOC_PANTHEON_BONUS_1_NAME" Description="LOC_PANTHEON_BONUS_1_DESCRIPTION" BeliefClassType="BELIEF_CLASS_PANTHEON"/>
        <Row BeliefType="PANTHEON_BONUS_2BIS" Name="LOC_PANTHEON_BONUS_2_NAME" Description="LOC_PANTHEON_BONUS_2_DESCRIPTION" BeliefClassType="BELIEF_CLASS_PANTHEON"/>
        <Row BeliefType="PANTHEON_BONUS_3BIS" Name="LOC_PANTHEON_BONUS_3_NAME" Description="LOC_PANTHEON_BONUS_3_DESCRIPTION" BeliefClassType="BELIEF_CLASS_PANTHEON"/>
        <Row BeliefType="PANTHEON_BONUS_4BIS" Name="LOC_PANTHEON_BONUS_4_NAME" Description="LOC_PANTHEON_BONUS_4_DESCRIPTION" BeliefClassType="BELIEF_CLASS_PANTHEON"/>
        <Row BeliefType="PANTHEON_BONUS_5BIS" Name="LOC_PANTHEON_BONUS_5_NAME" Description="LOC_PANTHEON_BONUS_5_DESCRIPTION" BeliefClassType="BELIEF_CLASS_PANTHEON"/>
        <Row BeliefType="PANTHEON_BONUS_6BIS" Name="LOC_PANTHEON_BONUS_6_NAME" Description="LOC_PANTHEON_BONUS_6_DESCRIPTION" BeliefClassType="BELIEF_CLASS_PANTHEON"/>
        <Row BeliefType="PANTHEON_BONUS_7BIS" Name="LOC_PANTHEON_BONUS_7_NAME" Description="LOC_PANTHEON_BONUS_7_DESCRIPTION" BeliefClassType="BELIEF_CLASS_PANTHEON"/>
        <Row BeliefType="PANTHEON_BONUS_8BIS" Name="LOC_PANTHEON_BONUS_8_NAME" Description="LOC_PANTHEON_BONUS_8_DESCRIPTION" BeliefClassType="BELIEF_CLASS_PANTHEON"/>
        <Row BeliefType="PANTHEON_BONUS_9BIS" Name="LOC_PANTHEON_BONUS_9_NAME" Description="LOC_PANTHEON_BONUS_9_DESCRIPTION" BeliefClassType="BELIEF_CLASS_PANTHEON"/>
        <Row BeliefType="PANTHEON_BONUS_10BIS" Name="LOC_PANTHEON_BONUS_10_NAME" Description="LOC_PANTHEON_BONUS_10_DESCRIPTION" BeliefClassType="BELIEF_CLASS_PANTHEON"/>
        <Row BeliefType="PANTHEON_BONUS_11BIS" Name="LOC_PANTHEON_BONUS_11_NAME" Description="LOC_PANTHEON_BONUS_11_DESCRIPTION" BeliefClassType="BELIEF_CLASS_PANTHEON"/>
        <Row BeliefType="PANTHEON_BONUS_12BIS" Name="LOC_PANTHEON_BONUS_12_NAME" Description="LOC_PANTHEON_BONUS_12_DESCRIPTION" BeliefClassType="BELIEF_CLASS_PANTHEON"/>
        <Row BeliefType="PANTHEON_BONUS_13BIS" Name="LOC_PANTHEON_BONUS_13_NAME" Description="LOC_PANTHEON_BONUS_13_DESCRIPTION" BeliefClassType="BELIEF_CLASS_PANTHEON"/>
        <Row BeliefType="PANTHEON_BONUS_14BIS" Name="LOC_PANTHEON_BONUS_14_NAME" Description="LOC_PANTHEON_BONUS_14_DESCRIPTION" BeliefClassType="BELIEF_CLASS_PANTHEON"/>
        <Row BeliefType="PANTHEON_BONUS_15BIS" Name="LOC_PANTHEON_BONUS_15_NAME" Description="LOC_PANTHEON_BONUS_15_DESCRIPTION" BeliefClassType="BELIEF_CLASS_PANTHEON"/>
        <Row BeliefType="PANTHEON_BONUS_16BIS" Name="LOC_PANTHEON_BONUS_16_NAME" Description="LOC_PANTHEON_BONUS_16_DESCRIPTION" BeliefClassType="BELIEF_CLASS_PANTHEON"/>
    </Beliefs>
    <BeliefModifiers>
        <Row BeliefType="PANTHEON_BONUS_1BIS" ModifierID="MOD_PANTHEON_ALTAR_YIELD_INFLUENCE"/>
        <Row BeliefType="PANTHEON_BONUS_2BIS" ModifierID="MOD_PANTHEON_ALTAR_MOUNTAIN_ADJACENCY"/>
        <Row BeliefType="PANTHEON_BONUS_2BIS" ModifierID="MOD_PANTHEON_ALTAR_NATURAL_WONDER_ADJACENCY"/>
        <Row BeliefType="PANTHEON_BONUS_3BIS" ModifierID="MOD_PANTHEON_CITY_GROWTH_RATE"/>
        <Row BeliefType="PANTHEON_BONUS_4BIS" ModifierID="MOD_PANTHEON_URBAN_CULTURE"/>
        <Row BeliefType="PANTHEON_BONUS_5BIS" ModifierID="MOD_PANTHEON_UNIT_HEALING"/>
        <Row BeliefType="PANTHEON_BONUS_6BIS" ModifierID="MOD_PANTHEON_ALTAR_PASTURE_WAREHOUSE"/>
        <Row BeliefType="PANTHEON_BONUS_6BIS" ModifierID="MOD_PANTHEON_ALTAR_PLANTATION_WAREHOUSE"/>
        <Row BeliefType="PANTHEON_BONUS_6BIS" ModifierID="MOD_PANTHEON_ALTAR_DESERT_FLOODPLAIN_WAREHOUSE"/>
        <Row BeliefType="PANTHEON_BONUS_6BIS" ModifierID="MOD_PANTHEON_ALTAR_GRASSLAND_FLOODPLAIN_WAREHOUSE"/>
        <Row BeliefType="PANTHEON_BONUS_6BIS" ModifierID="MOD_PANTHEON_ALTAR_PLAINS_FLOODPLAIN_WAREHOUSE"/>
        <Row BeliefType="PANTHEON_BONUS_6BIS" ModifierID="MOD_PANTHEON_ALTAR_TROPICAL_FLOODPLAIN_WAREHOUSE"/>
        <Row BeliefType="PANTHEON_BONUS_6BIS" ModifierID="MOD_PANTHEON_ALTAR_TUNDRA_FLOODPLAIN_WAREHOUSE"/>
        <Row BeliefType="PANTHEON_BONUS_6BIS" ModifierID="MOD_PANTHEON_ALTAR_FLAT_WAREHOUSE"/>
        <Row BeliefType="PANTHEON_BONUS_7BIS" ModifierID="MOD_PANTHEON_ALTAR_CAMP_WAREHOUSE"/>
        <Row BeliefType="PANTHEON_BONUS_7BIS" ModifierID="MOD_PANTHEON_ALTAR_WOODCUTTER_WAREHOUSE"/>
        <Row BeliefType="PANTHEON_BONUS_7BIS" ModifierID="MOD_PANTHEON_ALTAR_VEGETATED_WAREHOUSE"/>
        <Row BeliefType="PANTHEON_BONUS_8BIS" ModifierID="MOD_PANTHEON_BUILDING_PRODUCTION"/>
        <Row BeliefType="PANTHEON_BONUS_9BIS" ModifierID="MOD_PANTHEON_ALTAR_FISHING_BOAT_WAREHOUSE"/>
        <Row BeliefType="PANTHEON_BONUS_9BIS" ModifierID="MOD_PANTHEON_ALTAR_REEF_WAREHOUSE"/>
        <Row BeliefType="PANTHEON_BONUS_9BIS" ModifierID="MOD_PANTHEON_ALTAR_COLD_REEF_WAREHOUSE"/>
        <Row BeliefType="PANTHEON_BONUS_9BIS" ModifierID="MOD_PANTHEON_ALTAR_COAST_WAREHOUSE"/>
        <Row BeliefType="PANTHEON_BONUS_9BIS" ModifierID="MOD_PANTHEON_ALTAR_NAVIGABLE_RIVER_WAREHOUSE"/>
        <Row BeliefType="PANTHEON_BONUS_10BIS" ModifierID="MOD_PANTHEON_ALTAR_YIELD"/>
        <Row BeliefType="PANTHEON_BONUS_11BIS" ModifierID="MOD_PANTHEON_UNIT_PRODUCTION"/>
        <Row BeliefType="PANTHEON_BONUS_12BIS" ModifierID="MOD_PANTHEON_URBAN_SCIENCE"/>
        <Row BeliefType="PANTHEON_BONUS_13BIS" ModifierID="MOD_PANTHEON_ALTAR_WONDER_PRODUCTION"/>
        <Row BeliefType="PANTHEON_BONUS_14BIS" ModifierID="MOD_PANTHEON_ALTAR_SETTLER_PRODUCTION"/>
        <Row BeliefType="PANTHEON_BONUS_15BIS" ModifierID="MOD_PANTHEON_ALTAR_COAST_ADJACENCY"/>
        <Row BeliefType="PANTHEON_BONUS_15BIS" ModifierID="MOD_PANTHEON_ALTAR_LAKE_ADJACENCY"/>
        <Row BeliefType="PANTHEON_BONUS_15BIS" ModifierID="MOD_PANTHEON_ALTAR_RIVER_ADJACENCY"/>
        <Row BeliefType="PANTHEON_BONUS_16BIS" ModifierID="MOD_PANTHEON_ALTAR_MINE_WAREHOUSE"/>
        <Row BeliefType="PANTHEON_BONUS_16BIS" ModifierID="MOD_PANTHEON_ALTAR_QUARRY_WAREHOUSE"/>
        <Row BeliefType="PANTHEON_BONUS_16BIS" ModifierID="MOD_PANTHEON_ALTAR_ROUGH_WAREHOUSE"/>
        <Row BeliefType="PANTHEON_BONUS_16BIS" ModifierID="MOD_PANTHEON_ALTAR_WET_WAREHOUSE"/>
    </BeliefModifiers>
</Database>
