<?xml version="1.0" encoding="utf-8"?>
<Database>
    <Types>
        <Row Type="BELIEF_BONUS_1BIS" Kind="KIND_BELIEF"/>
        <Row Type="BELIEF_BONUS_2BIS" Kind="KIND_BELIEF"/>
        <Row Type="BELIEF_BONUS_3BIS" Kind="KIND_BELIEF"/>
        <Row Type="BELIEF_BONUS_4BIS" Kind="KIND_BELIEF"/>
        <Row Type="BELIEF_BONUS_5BIS" Kind="KIND_BELIEF"/>
        <Row Type="BELIEF_BONUS_6BIS" Kind="KIND_BELIEF"/>
        <Row Type="BELIEF_BONUS_7BIS" Kind="KIND_BELIEF"/>
        <Row Type="BELIEF_BONUS_8BIS" Kind="KIND_BELIEF"/>
        <Row Type="BELIEF_BONUS_9BIS" Kind="KIND_BELIEF"/>
        <Row Type="BELIEF_BONUS_10BIS" Kind="KIND_BELIEF"/>
        <Row Type="BELIEF_BONUS_11BIS" Kind="KIND_BELIEF"/>
        <Row Type="BELIEF_BONUS_12BIS" Kind="KIND_BELIEF"/>
        <Row Type="BELIEF_BONUS_13BIS" Kind="KIND_BELIEF"/>
        <Row Type="BELIEF_BONUS_14BIS" Kind="KIND_BELIEF"/>
        <Row Type="BELIEF_BONUS_15BIS" Kind="KIND_BELIEF"/>
        <Row Type="BELIEF_BONUS_16BIS" Kind="KIND_BELIEF"/>
        <Row Type="BELIEF_BONUS_17BIS" Kind="KIND_BELIEF"/>
        <Row Type="BELIEF_BONUS_18BIS" Kind="KIND_BELIEF"/>
        <Row Type="BELIEF_BONUS_19BIS" Kind="KIND_BELIEF"/>
        <Row Type="BELIEF_BONUS_20BIS" Kind="KIND_BELIEF"/>
        <Row Type="BELIEF_BONUS_21BIS" Kind="KIND_BELIEF"/>
        <Row Type="BELIEF_BONUS_22BIS" Kind="KIND_BELIEF"/>
        <Row Type="BELIEF_BONUS_23BIS" Kind="KIND_BELIEF"/>
        <Row Type="BELIEF_BONUS_24BIS" Kind="KIND_BELIEF"/>
        <Row Type="BELIEF_BONUS_25BIS" Kind="KIND_BELIEF"/>
        <Row Type="BELIEF_BONUS_26BIS" Kind="KIND_BELIEF"/>
        <Row Type="BELIEF_BONUS_27BIS" Kind="KIND_BELIEF"/>
        <Row Type="BELIEF_BONUS_28BIS" Kind="KIND_BELIEF"/>
    </Types>
    <Beliefs>
        <!--Enhancer-->
        <Row BeliefType="BELIEF_BONUS_1BIS" Name="LOC_BELIEF_BONUS_1_NAME" Description="LOC_BELIEF_BONUS_1_DESCRIPTION" BeliefClassType="BELIEF_CLASS_ENHANCER"/>
        <Row BeliefType="BELIEF_BONUS_2BIS" Name="LOC_BELIEF_BONUS_2_NAME" Description="LOC_BELIEF_BONUS_2_DESCRIPTION" BeliefClassType="BELIEF_CLASS_ENHANCER"/>
        <Row BeliefType="BELIEF_BONUS_3BIS" Name="LOC_BELIEF_BONUS_3_NAME" Description="LOC_BELIEF_BONUS_3_DESCRIPTION" BeliefClassType="BELIEF_CLASS_ENHANCER"/>
        <Row BeliefType="BELIEF_BONUS_4BIS" Name="LOC_BELIEF_BONUS_4_NAME" Description="LOC_BELIEF_BONUS_4_DESCRIPTION" BeliefClassType="BELIEF_CLASS_ENHANCER"/>
        <Row BeliefType="BELIEF_BONUS_5BIS" Name="LOC_BELIEF_BONUS_5_NAME" Description="LOC_BELIEF_BONUS_5_DESCRIPTION" BeliefClassType="BELIEF_CLASS_ENHANCER"/>
        <Row BeliefType="BELIEF_BONUS_6BIS" Name="LOC_BELIEF_BONUS_6_NAME" Description="LOC_BELIEF_BONUS_6_DESCRIPTION" BeliefClassType="BELIEF_CLASS_ENHANCER"/>
        <Row BeliefType="BELIEF_BONUS_7BIS" Name="LOC_BELIEF_BONUS_7_NAME" Description="LOC_BELIEF_BONUS_7_DESCRIPTION" BeliefClassType="BELIEF_CLASS_ENHANCER"/>
        <Row BeliefType="BELIEF_BONUS_8BIS" Name="LOC_BELIEF_BONUS_8_NAME" Description="LOC_BELIEF_BONUS_8_DESCRIPTION" BeliefClassType="BELIEF_CLASS_ENHANCER"/>
        <!--Reliquary-->
        <Row BeliefType="BELIEF_BONUS_9BIS" Name="LOC_BELIEF_BONUS_9_NAME" Description="LOC_BELIEF_BONUS_9_DESCRIPTION" BeliefClassType="BELIEF_CLASS_RELIQUARY"/>
        <Row BeliefType="BELIEF_BONUS_10BIS" Name="LOC_BELIEF_BONUS_10_NAME" Description="LOC_BELIEF_BONUS_10_DESCRIPTION" BeliefClassType="BELIEF_CLASS_RELIQUARY"/>
        <Row BeliefType="BELIEF_BONUS_11BIS" Name="LOC_BELIEF_BONUS_11_NAME" Description="LOC_BELIEF_BONUS_11_DESCRIPTION" BeliefClassType="BELIEF_CLASS_RELIQUARY"/>
        <Row BeliefType="BELIEF_BONUS_12BIS" Name="LOC_BELIEF_BONUS_12_NAME" Description="LOC_BELIEF_BONUS_12_DESCRIPTION" BeliefClassType="BELIEF_CLASS_RELIQUARY"/>
        <Row BeliefType="BELIEF_BONUS_13BIS" Name="LOC_BELIEF_BONUS_13_NAME" Description="LOC_BELIEF_BONUS_13_DESCRIPTION" BeliefClassType="BELIEF_CLASS_RELIQUARY"/>
        <Row BeliefType="BELIEF_BONUS_14BIS" Name="LOC_BELIEF_BONUS_14_NAME" Description="LOC_BELIEF_BONUS_14_DESCRIPTION" BeliefClassType="BELIEF_CLASS_RELIQUARY"/>
        <Row BeliefType="BELIEF_BONUS_15BIS" Name="LOC_BELIEF_BONUS_15_NAME" Description="LOC_BELIEF_BONUS_15_DESCRIPTION" BeliefClassType="BELIEF_CLASS_RELIQUARY"/>
        <Row BeliefType="BELIEF_BONUS_16BIS" Name="LOC_BELIEF_BONUS_16_NAME" Description="LOC_BELIEF_BONUS_16_DESCRIPTION" BeliefClassType="BELIEF_CLASS_RELIQUARY"/>
        <!--Founder-->
        <Row BeliefType="BELIEF_BONUS_17BIS" Name="LOC_BELIEF_BONUS_17_NAME" Description="LOC_BELIEF_BONUS_17_DESCRIPTION" BeliefClassType="BELIEF_CLASS_FOUNDER"/>
        <Row BeliefType="BELIEF_BONUS_18BIS" Name="LOC_BELIEF_BONUS_18_NAME" Description="LOC_BELIEF_BONUS_18_DESCRIPTION" BeliefClassType="BELIEF_CLASS_FOUNDER"/>
        <Row BeliefType="BELIEF_BONUS_19BIS" Name="LOC_BELIEF_BONUS_19_NAME" Description="LOC_BELIEF_BONUS_19_DESCRIPTION" BeliefClassType="BELIEF_CLASS_FOUNDER"/>
        <Row BeliefType="BELIEF_BONUS_20BIS" Name="LOC_BELIEF_BONUS_20_NAME" Description="LOC_BELIEF_BONUS_20_DESCRIPTION" BeliefClassType="BELIEF_CLASS_FOUNDER"/>
        <Row BeliefType="BELIEF_BONUS_21BIS" Name="LOC_BELIEF_BONUS_21_NAME" Description="LOC_BELIEF_BONUS_21_DESCRIPTION" BeliefClassType="BELIEF_CLASS_FOUNDER"/>
        <Row BeliefType="BELIEF_BONUS_22BIS" Name="LOC_BELIEF_BONUS_22_NAME" Description="LOC_BELIEF_BONUS_22_DESCRIPTION" BeliefClassType="BELIEF_CLASS_FOUNDER"/>
        <Row BeliefType="BELIEF_BONUS_23BIS" Name="LOC_BELIEF_BONUS_23_NAME" Description="LOC_BELIEF_BONUS_23_DESCRIPTION" BeliefClassType="BELIEF_CLASS_FOUNDER"/>
        <Row BeliefType="BELIEF_BONUS_24BIS" Name="LOC_BELIEF_BONUS_24_NAME" Description="LOC_BELIEF_BONUS_24_DESCRIPTION" BeliefClassType="BELIEF_CLASS_FOUNDER"/>
        <Row BeliefType="BELIEF_BONUS_25BIS" Name="LOC_BELIEF_BONUS_25_NAME" Description="LOC_BELIEF_BONUS_25_DESCRIPTION" BeliefClassType="BELIEF_CLASS_FOUNDER"/>
        <Row BeliefType="BELIEF_BONUS_26BIS" Name="LOC_BELIEF_BONUS_26_NAME" Description="LOC_BELIEF_BONUS_26_DESCRIPTION" BeliefClassType="BELIEF_CLASS_FOUNDER"/>
        <Row BeliefType="BELIEF_BONUS_27BIS" Name="LOC_BELIEF_BONUS_27_NAME" Description="LOC_BELIEF_BONUS_27_DESCRIPTION" BeliefClassType="BELIEF_CLASS_FOUNDER"/>
        <Row BeliefType="BELIEF_BONUS_28BIS" Name="LOC_BELIEF_BONUS_28_NAME" Description="LOC_BELIEF_BONUS_28_DESCRIPTION" BeliefClassType="BELIEF_CLASS_FOUNDER"/>
    </Beliefs>
    <BeliefModifiers>
        <!--Enhancer-->
        <Row BeliefType="BELIEF_BONUS_1BIS" ModifierId="BONUS_1_AUTO_SPREAD_FOREIGN_HEMISPHERE"/>
        <Row BeliefType="BELIEF_BONUS_2BIS" ModifierId="BONUS_2_MISSIONARY_MOVEMENT"/>
        <Row BeliefType="BELIEF_BONUS_2BIS" ModifierId="BONUS_2_NAVAL_MOVEMENT"/>
        <Row BeliefType="BELIEF_BONUS_2BIS" ModifierId="BONUS_2_EMBARKED_MOVEMENT"/>
        <Row BeliefType="BELIEF_BONUS_3BIS" ModifierId="BONUS_3_COMBAT_STRENGTH_FRIENDLY_RELIGIOUS_CITY"/>
        <Row BeliefType="BELIEF_BONUS_4BIS" ModifierId="BONUS_4_AUTO_SPREAD_CONQUERED"/>
        <Row BeliefType="BELIEF_BONUS_5BIS" ModifierId="BONUS_5_AUTO_SPREAD_TRADE_ROUTE"/>
        <Row BeliefType="BELIEF_BONUS_6BIS" ModifierId="BONUS_6_ADDITIONAL_CHARGE"/>
        <Row BeliefType="BELIEF_BONUS_7BIS" ModifierId="BONUS_7_RELIC_MISSIONARY_PRODUCTION"/>
        <Row BeliefType="BELIEF_BONUS_8BIS" ModifierId="BONUS_8_RELIC_SLOT_TEMPLE"/>
        <!--Reliquary-->
        <Row BeliefType="BELIEF_BONUS_9BIS" ModifierId="BONUS_9_RELIC_CITY_STATE"/>
        <Row BeliefType="BELIEF_BONUS_10BIS" ModifierId="BONUS_10_RELIC_CAPITAL"/>
        <Row BeliefType="BELIEF_BONUS_11BIS" ModifierId="BONUS_11_RELIC_CONVERTING_RELIGIOUS_BUILDING"/>
        <Row BeliefType="BELIEF_BONUS_12BIS" ModifierId="BONUS_12_RELIC_WONDER"/>
        <Row BeliefType="BELIEF_BONUS_13BIS" ModifierId="BONUS_13_RELIC_NEW_WORLD"/>
        <Row BeliefType="BELIEF_BONUS_14BIS" ModifierId="BONUS_14_RELIC_TREASURE_FLEETS"/>
        <Row BeliefType="BELIEF_BONUS_15BIS" ModifierId="BONUS_15_RELIC_RURAL_POP"/>
        <Row BeliefType="BELIEF_BONUS_16BIS" ModifierId="BONUS_16_RELIC_URBAN_POP"/>
        <!--Founder-->
        <Row BeliefType="BELIEF_BONUS_17BIS" ModifierId="BONUS_17_CITIES_FOLLOWING_SCIENCE"/>
        <Row BeliefType="BELIEF_BONUS_18BIS" ModifierId="BONUS_18_NATURAL_WONDER_SCIENCE"/>
        <Row BeliefType="BELIEF_BONUS_18BIS" ModifierId="BONUS_18_NATURAL_WONDER_CULTURE"/>
        <Row BeliefType="BELIEF_BONUS_18BIS" ModifierId="BONUS_18_NATURAL_WONDER_GOLD"/>
        <Row BeliefType="BELIEF_BONUS_19BIS" ModifierId="BONUS_19_WONDERS_SCIENCE"/>
        <Row BeliefType="BELIEF_BONUS_19BIS" ModifierId="BONUS_19_WONDERS_CULTURE"/>
        <Row BeliefType="BELIEF_BONUS_19BIS" ModifierId="BONUS_19_WONDERS_GOLD"/>
        <Row BeliefType="BELIEF_BONUS_20BIS" ModifierId="BONUS_20_CITIES_FOLLOWING_GOLD"/>
        <Row BeliefType="BELIEF_BONUS_21BIS" ModifierId="BONUS_21_CITIES_FOLLOWING_CULTURE"/>
        <Row BeliefType="BELIEF_BONUS_22BIS" ModifierId="BONUS_22_TROPICAL_CITIES_FOLLOWING_SCIENCE"/>
        <Row BeliefType="BELIEF_BONUS_23BIS" ModifierId="BONUS_23_TUNDRA_CITIES_FOLLOWING_CULTURE"/>
        <Row BeliefType="BELIEF_BONUS_24BIS" ModifierId="BONUS_24_DESERT_CITIES_FOLLOWING_GOLD"/>
        <Row BeliefType="BELIEF_BONUS_25BIS" ModifierId="BONUS_25_CITIES_FOLLOWING_HAPPINESS"/>
        <Row BeliefType="BELIEF_BONUS_26BIS" ModifierId="BONUS_26_MARINE_CITIES_FOLLOWING_HAPPINESS"/>
        <Row BeliefType="BELIEF_BONUS_27BIS" ModifierId="BONUS_27_GRASSLAND_CITIES_FOLLOWING_SCIENCE"/>
        <Row BeliefType="BELIEF_BONUS_28BIS" ModifierId="BONUS_28_PLAINS_CITIES_FOLLOWING_SCIENCE"/>
    </BeliefModifiers>
</Database>
